id,path,description
"3","images/photo__p_3245-20130904125900.png","(c) ADEME Cartazur"
"4","images/photo__p_7356-20130913151141.jpg","(c) ADEME Cartazur"
"4","images/photo__p_7356-20131024191058.jpg","(c) ADEME Cartazur"
"5","images/photo__p_7359-20131024192108.jpg","(c) ADEME Cartazur"
"4","images/photo__p_7356-20131024193932.jpg","(c) ADEME Cartazur"
"4","images/photo__p_7356-20131024220330.jpg","(c) ADEME Cartazur"
"5","images/photo__p_7359-20131024222043.jpg","(c) ADEME Cartazur"
"9","images/photo__p_5510-20131025174647.jpg","(c) ADEME Cartazur"
"10","images/photo__p_7041-20131028110939.jpg","(c) ADEME Cartazur"
"10","images/photo__p_7041-20131028110943.jpg","(c) ADEME Cartazur"
"11","images/photo__p_5211-20131028112114.jpg","(c) ADEME Cartazur"
"11","images/photo__p_5211-20131028112118.jpg","(c) ADEME Cartazur"
"12","images/photo__p_3828-20131028174345.jpg","(c) ADEME Cartazur"
"12","images/photo__p_3828-20131028174348.jpg","(c) ADEME Cartazur"
"13","images/photo__p_3825-20131028174437.jpg","(c) ADEME Cartazur"
"13","images/photo__p_3825-20131028174439.jpg","(c) ADEME Cartazur"
"14","images/photo__p_4766-20131029155913.jpg","(c) ADEME Cartazur"
"15","images/photo__p_3824-20131029163900.jpg","(c) ADEME Cartazur"
"16","images/photo__p_5162-20131029170140.jpg","(c) ADEME Cartazur"
"17","images/photo__p_6349-20131029171836.jpg","(c) ADEME Cartazur"
"18","images/photo__p_3756-20131029173343.jpg","(c) ADEME Cartazur"
"19","images/photo__p_5409-20131029222409.jpg","(c) ADEME Cartazur"
"20","images/photo__p_6466-20131030171917.jpg","(c) ADEME Cartazur"
"21","images/photo__p_6383-20131030184757.jpg","(c) ADEME Cartazur"
"22","images/photo__p_6382-20131030185332.jpg","(c) ADEME Cartazur"
"23","images/photo__p_5652-20131031111800.jpg","(c) ADEME Cartazur"
"23","images/photo__p_5652-20131031111803.jpg","(c) ADEME Cartazur"
"23","images/photo__p_5652-20131031111807.jpg","(c) ADEME Cartazur"
"24","images/photo__p_6232-20131031113542.jpg","(c) ADEME Cartazur"
"24","images/photo__p_6232-20131031113552.jpg","(c) ADEME Cartazur"
"25","images/photo__p_5541-20131031115748.jpg","(c) ADEME Cartazur"
"25","images/photo__p_5541-20131031115750.jpg","(c) ADEME Cartazur"
"25","images/photo__p_5541-20131031115752.jpg","(c) ADEME Cartazur"
"25","images/photo__p_5541-20131031115755.jpg","(c) ADEME Cartazur"
"26","images/photo__p_5522-20131031121954.jpg","(c) ADEME Cartazur"
"26","images/photo__p_5522-20131031122000.jpg","(c) ADEME Cartazur"
"26","images/photo__p_5522-20131031122005.jpg","(c) ADEME Cartazur"
"27","images/photo__p_5533-20131031123403.jpg","(c) ADEME Cartazur"
"28","images/photo__p_5633-20131031123905.jpg","(c) ADEME Cartazur"
"29","images/photo__p_5644-20131031124740.jpg","(c) ADEME Cartazur"
"29","images/photo__p_5644-20131031124801.jpg","(c) ADEME Cartazur"
"30","images/photo__p_6213-20131031125928.jpg","(c) ADEME Cartazur"
"31","images/photo__p_5926-20131031135030.jpg","(c) ADEME Cartazur"
"32","images/photo__p_4055-20131031143425.jpg","(c) ADEME Cartazur"
"33","images/photo__p_4051-20131031143529.jpg","(c) ADEME Cartazur"
"34","images/photo__p_4900-20131031162520.jpg","(c) ADEME Cartazur"
"34","images/photo__p_4900-20131031162524.jpg","(c) ADEME Cartazur"
"35","images/photo__p_4901-20131031162826.jpg","(c) ADEME Cartazur"
"35","images/photo__p_4901-20131031162830.jpg","(c) ADEME Cartazur"
"35","images/photo__p_4901-20131031162832.jpg","(c) ADEME Cartazur"
"36","images/photo__p_3993-20131031164510.jpg","(c) ADEME Cartazur"
"36","images/photo__p_3993-20131031164513.jpg","(c) ADEME Cartazur"
"37","images/photo__p_3992-20131031164519.jpg","(c) ADEME Cartazur"
"37","images/photo__p_3992-20131031164522.jpg","(c) ADEME Cartazur"
"38","images/photo__p_5049-20131031170633.jpg","(c) ADEME Cartazur"
"39","images/photo__p_5050-20131031170843.jpg","(c) ADEME Cartazur"
"39","images/photo__p_5050-20131031170846.jpg","(c) ADEME Cartazur"
"39","images/photo__p_5050-20131031170850.jpg","(c) ADEME Cartazur"
"40","images/photo__p_5169-20131101090547.jpg","(c) ADEME Cartazur"
"40","images/photo__p_5169-20131101090549.jpg","(c) ADEME Cartazur"
"41","images/photo__p_6357-20131101092512.jpg","(c) ADEME Cartazur"
"41","images/photo__p_6357-20131101092516.jpg","(c) ADEME Cartazur"
"42","images/photo__p_4638-20131101094918.jpg","(c) ADEME Cartazur"
"42","images/photo__p_4638-20131101094921.jpg","(c) ADEME Cartazur"
"43","images/photo__p_5778-20131101101051.jpg","(c) ADEME Cartazur"
"43","images/photo__p_5778-20131101101053.jpg","(c) ADEME Cartazur"
"44","images/photo__p_3696-20131101102654.jpg","(c) ADEME Cartazur"
"44","images/photo__p_3696-20131101102657.jpg","(c) ADEME Cartazur"
"45","images/photo__p_7082-20131101202739.jpg","(c) ADEME Cartazur"
"45","images/photo__p_7082-20131101202741.jpg","(c) ADEME Cartazur"
"46","images/photo__p_7083-20131101202830.jpg","(c) ADEME Cartazur"
"46","images/photo__p_7083-20131101202834.jpg","(c) ADEME Cartazur"
"47","images/photo__p_5429-20131101211143.jpg","(c) ADEME Cartazur"
"47","images/photo__p_5429-20131101211150.jpg","(c) ADEME Cartazur"
"48","images/photo__p_5428-20131101211152.jpg","(c) ADEME Cartazur"
"48","images/photo__p_5428-20131101211159.jpg","(c) ADEME Cartazur"
"49","images/photo__p_3810-20131101212950.jpg","(c) ADEME Cartazur"
"49","images/photo__p_3810-20131101212953.jpg","(c) ADEME Cartazur"
"50","images/photo__p_4156-20131101215044.jpg","(c) ADEME Cartazur"
"50","images/photo__p_4156-20131101215047.jpg","(c) ADEME Cartazur"
"51","images/photo__p_7163-20131102152253.jpg","(c) ADEME Cartazur"
"52","images/photo__p_4005-20131104153904.jpg","(c) ADEME Cartazur"
